,image_name,infer,conf
0,90a.png,5a.png.txt,0.6373081264224874
1,91a.png,13a.png.txt,0.7797911590086726
2,92a.png,11a.png.txt,0.779803693334885
3,93a.png,89a.png.txt,0.7315480061767294
4,94a.png,27a.png.txt,0.735587555100373
5,95a.png,21a.png.txt,0.696320443665911
6,96a.png,52a.png.txt,0.6913716790381647
7,97a.png,48a.png.txt,0.7437580167864603
8,98a.png,26a.png.txt,0.7791339300550693
9,99a.png,30a.png.txt,0.7256235387342485
